city,state,quarter,price_index,lending,retail,unemployment,cpi
Adelaide,SA,2003-Q1,55.0,1878.1999999999998,2978.1,6.7069341966666665,78.7
Adelaide,SA,2003-Q2,58.2,2076.0,3046.2,6.089824453333333,78.6
Adelaide,SA,2003-Q3,62.4,2249.5,3013.1,5.835320436666667,79.1
Adelaide,SA,2003-Q4,64.0,2207.4,3129.7,5.963743106666667,79.6
Adelaide,SA,2004-Q1,64.9,2087.6,3181.2,6.554937976666667,80.2
Adelaide,SA,2004-Q2,65.8,2072.4,3234.8999999999996,5.972328056666666,80.6
Adelaide,SA,2004-Q3,67.2,2214.7,3265.7,5.865171283333333,80.9
Adelaide,SA,2004-Q4,68.5,2357.0,3285.3999999999996,5.07194051,81.7
Adelaide,SA,2005-Q1,68.8,2443.4,3307.7,5.948457983333334,82.1
Adelaide,SA,2005-Q2,69.3,2382.2,3260.3,5.253635790000001,82.6
Adelaide,SA,2005-Q3,69.6,2371.7,3334.2,4.60656522,83.4
Adelaide,SA,2005-Q4,71.2,2446.4,3305.7,4.602068073333333,83.9
Adelaide,SA,2006-Q1,72.2,2568.0,3368.0,5.322350526666667,84.6
Adelaide,SA,2006-Q2,73.2,2706.6000000000004,3453.4,4.87299989,85.9
Adelaide,SA,2006-Q3,73.6,2696.0,3511.8,4.651049236666666,86.6
Adelaide,SA,2006-Q4,75.6,2564.7,3583.7,4.929118673333334,86.7
Adelaide,SA,2007-Q1,77.0,2860.1,3679.3,5.6637398333333335,86.7
Adelaide,SA,2007-Q2,81.6,3108.7,3692.8,4.88374129,87.7
Adelaide,SA,2007-Q3,86.6,3236.2,3758.3999999999996,4.579996056666666,88.2
Adelaide,SA,2007-Q4,92.4,3237.5,3888.7,4.896657883333333,89.3
Adelaide,SA,2008-Q1,95.3,2929.0,3999.0,4.965926166666667,90.4
Adelaide,SA,2008-Q2,94.6,2642.5,4074.6,4.88231362,91.6
Adelaide,SA,2008-Q3,94.5,2492.8,4168.5,4.73852195,92.6
Adelaide,SA,2008-Q4,94.2,2686.2,4219.7,5.203612393333334,92.6
Adelaide,SA,2009-Q1,93.3,3068.7,4245.5,6.315077423333332,92.5
Adelaide,SA,2009-Q2,95.8,3156.5,4325.7,5.424035636666667,93.0
Adelaide,SA,2009-Q3,97.6,3193.5,4237.7,5.45746949,93.7
Adelaide,SA,2009-Q4,101.4,3052.1000000000004,4289.5,5.22375408,94.5
Adelaide,SA,2010-Q1,102.7,2844.3,4315.1,5.33261399,95.2
Adelaide,SA,2010-Q2,104.7,2746.0,4417.8,5.438537579999999,95.8
Adelaide,SA,2010-Q3,104.4,2701.5,4364.8,5.061886520000001,96.4
Adelaide,SA,2010-Q4,105.0,2693.3,4315.6,5.4492368,97.0
Adelaide,SA,2011-Q1,103.3,2533.6,4350.1,6.012011306666667,98.4
Adelaide,SA,2011-Q2,101.0,2489.3,4288.2,5.217866716666666,99.3
Adelaide,SA,2011-Q3,100.3,2489.2,4307.3,5.029847563333333,99.7
Adelaide,SA,2011-Q4,100.3,2355.3,4341.6,5.157706053333333,99.9
Adelaide,SA,2012-Q1,99.4,2402.4,4342.0,5.6752971966666665,99.9
Adelaide,SA,2012-Q2,99.9,2322.9,4392.1,5.475764596666667,100.5
Adelaide,SA,2012-Q3,99.4,2308.3999999999996,4363.3,5.28204782,101.6
Adelaide,SA,2012-Q4,100.1,2358.8999999999996,4304.0,5.50668297,102.0
Adelaide,SA,2013-Q1,100.0,2520.9,4310.799999999999,6.439213593333332,102.4
Adelaide,SA,2013-Q2,100.7,2714.2,4339.8,5.815000449999999,102.9
Adelaide,SA,2013-Q3,101.4,2826.0,4447.1,6.311494856666666,103.9
Adelaide,SA,2013-Q4,105.2,2986.8,4451.0,6.698735693333333,104.7
Adelaide,SA,2014-Q1,106.5,2894.5,4479.4,7.363079416666667,105.4
Adelaide,SA,2014-Q2,106.7,2926.1000000000004,4473.9,6.603245536666667,106.1
Adelaide,SA,2014-Q3,107.3,2976.1000000000004,4560.8,6.315796553333333,106.3
Adelaide,SA,2014-Q4,108.6,3054.1,4660.9,6.5435743666666655,106.5
Adelaide,SA,2015-Q1,109.4,3124.1,4697.4,7.313238340000001,106.8
Adelaide,SA,2015-Q2,110.0,3022.6000000000004,4739.2,7.537807713333334,107.7
Adelaide,SA,2015-Q3,111.4,3059.0,4762.9,7.652601063333333,107.8
Adelaide,SA,2015-Q4,112.8,2941.3,4811.2,7.103623933333334,108.3
Adelaide,SA,2016-Q1,113.5,2875.6,4869.9,7.482982006666667,108.2
Adelaide,SA,2016-Q2,114.6,3105.8,4908.0,6.768952120000001,108.8
Adelaide,SA,2016-Q3,115.7,3022.0,4983.0,6.5226729500000005,109.3
Adelaide,SA,2016-Q4,117.7,3007.4,4982.7,6.52244451,109.8
Adelaide,SA,2017-Q1,119.8,3143.7999999999997,5064.3,6.9873669000000005,110.5
Adelaide,SA,2017-Q2,120.4,3036.2000000000003,5124.7,6.78629222,110.9
Adelaide,SA,2017-Q3,121.0,2960.2,5085.8,5.718642083333333,111.3
Adelaide,SA,2017-Q4,121.8,2945.4,5227.0,5.845084173333333,112.1
Adelaide,SA,2018-Q1,123.0,2926.5,5233.1,6.312096396666667,112.7
Adelaide,SA,2018-Q2,123.3,2873.1,5238.2,5.640191786666667,113.2
Adelaide,SA,2018-Q3,123.8,2886.3999999999996,5274.0,5.461086806666667,113.5
Adelaide,SA,2018-Q4,123.9,2892.2999999999997,5294.7,5.490036533333334,114.0
Adelaide,SA,2019-Q1,123.7,2774.9,5339.0,6.344809436666666,114.1
Adelaide,SA,2019-Q2,122.8,2687.3,5379.6,5.853126126666666,114.9
Adelaide,SA,2019-Q3,122.4,2757.5,5358.6,6.651620726666667,115.4
Adelaide,SA,2019-Q4,124.4,2838.3,5388.0,6.036133169999999,116.1
Adelaide,SA,2020-Q1,124.9,2880.3999999999996,5560.7,6.2370006899999995,116.7
Adelaide,SA,2020-Q2,123.6,2599.7,5589.7,7.72828213,114.5
Adelaide,SA,2020-Q3,125.9,3281.7,5989.4,7.368342600000001,116.2
Adelaide,SA,2020-Q4,129.2,3502.8999999999996,5889.7,6.3402675833333335,117.1
Adelaide,SA,2021-Q1,134.7,4236.7,5881.5,7.096851386666667,117.8
Adelaide,SA,2021-Q2,142.9,4385.0,5879.5,5.6144527633333325,118.8
Adelaide,SA,2021-Q3,152.6,4291.5,5970.7,4.749535843333334,119.7
Adelaide,SA,2021-Q4,164.3,4519.4,6098.8,4.462357343333333,121.4
Brisbane,QLD,2003-Q1,53.7,6491.299999999999,7899.6,8.008951453333333,78.7
Brisbane,QLD,2003-Q2,57.9,7053.0,8138.4,6.8768755766666665,78.6
Brisbane,QLD,2003-Q3,65.0,8559.1,8472.8,6.1706134666666665,79.1
Brisbane,QLD,2003-Q4,70.1,8209.8,8824.2,5.68125978,79.6
Brisbane,QLD,2004-Q1,71.3,7191.700000000001,8956.4,6.763293569999999,80.2
Brisbane,QLD,2004-Q2,72.3,7234.0,9204.9,5.672449303333333,80.6
Brisbane,QLD,2004-Q3,71.5,7223.4,9347.4,5.007237043333333,80.9
Brisbane,QLD,2004-Q4,72.5,7407.5,9226.8,4.387444583333333,81.7
Brisbane,QLD,2005-Q1,73.0,7824.4,9346.9,5.2255625,82.1
Brisbane,QLD,2005-Q2,73.5,7742.599999999999,9325.9,5.02281611,82.6
Brisbane,QLD,2005-Q3,73.6,7947.5,9494.8,4.53904265,83.4
Brisbane,QLD,2005-Q4,75.1,8502.599999999999,9677.8,4.36214121,83.9
Brisbane,QLD,2006-Q1,75.7,9020.0,9838.5,5.594352936666667,84.6
Brisbane,QLD,2006-Q2,77.3,9475.9,9987.400000000001,4.606700013333334,85.9
Brisbane,QLD,2006-Q3,78.5,9564.9,10154.4,4.218571796666667,86.6
Brisbane,QLD,2006-Q4,80.6,9752.5,10266.2,3.6769590633333333,86.7
Brisbane,QLD,2007-Q1,83.9,10969.4,10624.3,4.59231435,86.7
Brisbane,QLD,2007-Q2,89.3,12205.2,10909.9,3.478250263333333,87.7
Brisbane,QLD,2007-Q3,93.6,12330.0,11240.7,3.4733685899999998,88.2
Brisbane,QLD,2007-Q4,98.5,11922.3,11476.9,3.3700719766666665,89.3
Brisbane,QLD,2008-Q1,101.4,10282.0,11520.2,4.093022073333334,90.4
Brisbane,QLD,2008-Q2,101.8,8591.0,11484.9,3.7642493966666666,91.6
Brisbane,QLD,2008-Q3,97.9,7910.8,11728.1,3.35524873,92.6
Brisbane,QLD,2008-Q4,96.2,8167.700000000001,11970.0,3.53463506,92.6
Brisbane,QLD,2009-Q1,96.4,9542.3,12205.8,5.259008516666667,92.5
Brisbane,QLD,2009-Q2,99.1,10593.8,12452.4,5.2803550433333335,93.0
Brisbane,QLD,2009-Q3,102.3,10635.2,12230.1,5.427555663333333,93.7
Brisbane,QLD,2009-Q4,105.9,10173.6,12314.3,5.410325496666666,94.5
Brisbane,QLD,2010-Q1,107.2,9147.8,12235.3,6.26714365,95.2
Brisbane,QLD,2010-Q2,107.5,8284.2,12296.5,5.462367433333334,95.8
Brisbane,QLD,2010-Q3,105.9,7831.8,12457.3,5.0465737866666665,96.4
Brisbane,QLD,2010-Q4,105.8,7896.7,12414.1,5.1889528333333335,97.0
Brisbane,QLD,2011-Q1,103.9,6624.1,12608.4,6.229756563333333,98.4
Brisbane,QLD,2011-Q2,102.9,6822.6,12707.0,5.19107474,99.3
Brisbane,QLD,2011-Q3,100.0,7238.5,12827.599999999999,5.36433442,99.7
Brisbane,QLD,2011-Q4,100.1,7380.299999999999,12846.1,5.106490306666667,99.9
Brisbane,QLD,2012-Q1,100.1,8016.200000000001,13072.599999999999,6.240248763333334,99.9
Brisbane,QLD,2012-Q2,99.7,8075.2,13343.099999999999,5.313803626666666,100.5
Brisbane,QLD,2012-Q3,100.7,7836.799999999999,13469.3,5.7601474900000005,101.6
Brisbane,QLD,2012-Q4,101.7,8091.5,13554.0,5.7304115666666675,102.0
Brisbane,QLD,2013-Q1,101.6,8236.8,13774.099999999999,6.402738406666667,102.4
Brisbane,QLD,2013-Q2,103.1,8900.0,13869.3,5.776323873333333,102.9
Brisbane,QLD,2013-Q3,104.7,8902.5,14031.6,5.60694891,103.9
Brisbane,QLD,2013-Q4,107.5,9729.0,14224.0,5.533200399999999,104.7
Brisbane,QLD,2014-Q1,108.7,9924.7,14393.2,6.83660841,105.4
Brisbane,QLD,2014-Q2,110.9,9843.4,14398.3,6.126456269999999,106.1
Brisbane,QLD,2014-Q3,111.4,10131.8,14414.900000000001,6.3408442833333325,106.3
Brisbane,QLD,2014-Q4,113.2,10051.8,14501.5,6.310402403333334,106.5
Brisbane,QLD,2015-Q1,113.5,10320.8,14822.400000000001,7.154256173333334,106.8
Brisbane,QLD,2015-Q2,114.5,10408.5,14869.1,6.1546749966666665,107.7
Brisbane,QLD,2015-Q3,116.4,10546.0,14903.5,6.179653833333333,107.8
Brisbane,QLD,2015-Q4,118.4,9934.3,14974.0,5.5767152399999995,108.3
Brisbane,QLD,2016-Q1,118.6,9752.9,15080.8,6.580898143333333,108.2
Brisbane,QLD,2016-Q2,120.0,10239.7,15058.099999999999,6.305601833333333,108.8
Brisbane,QLD,2016-Q3,120.4,10262.5,15383.7,5.99097965,109.3
Brisbane,QLD,2016-Q4,123.9,10738.1,15535.6,5.512650343333334,109.8
Brisbane,QLD,2017-Q1,123.7,10727.2,15393.0,6.866074256666667,110.5
Brisbane,QLD,2017-Q2,124.7,10246.7,15543.2,6.0415476,110.9
Brisbane,QLD,2017-Q3,125.5,9886.0,15559.5,5.654723763333333,111.3
Brisbane,QLD,2017-Q4,127.2,9637.9,15572.3,5.33982085,112.1
Brisbane,QLD,2018-Q1,126.2,9490.3,15692.8,6.627334649999999,112.7
Brisbane,QLD,2018-Q2,127.3,9519.6,15669.6,6.189102956666666,113.2
Brisbane,QLD,2018-Q3,128.3,9166.0,15915.6,5.81009801,113.5
Brisbane,QLD,2018-Q4,127.0,8493.6,16169.5,5.532783903333333,114.0
Brisbane,QLD,2019-Q1,125.1,7999.1,16297.8,6.3053196,114.1
Brisbane,QLD,2019-Q2,124.0,7737.9,16509.699999999997,6.1206829266666665,114.9
Brisbane,QLD,2019-Q3,125.1,8512.6,16650.0,6.110121246666666,115.4
Brisbane,QLD,2019-Q4,127.6,9184.4,16914.1,5.5315356966666664,116.1
Brisbane,QLD,2020-Q1,129.0,9425.9,17562.4,6.202799423333334,116.7
Brisbane,QLD,2020-Q2,127.8,7509.7,17421.0,7.517744126666667,114.5
Brisbane,QLD,2020-Q3,129.8,10589.4,19113.5,7.520051803333334,116.2
Brisbane,QLD,2020-Q4,133.6,12998.8,19200.1,6.8621168033333335,117.1
Brisbane,QLD,2021-Q1,139.7,15277.7,19100.699999999997,6.738309496666666,117.8
Brisbane,QLD,2021-Q2,148.3,15393.3,19196.5,5.537014036666666,118.8
Brisbane,QLD,2021-Q3,158.6,16596.5,19286.0,4.928654673333334,119.7
Brisbane,QLD,2021-Q4,175.8,17628.3,19968.1,4.439978686666667,121.4
Canberra,ACT,2003-Q1,58.7,597.4,857.6999999999999,5.218288516666667,78.7
Canberra,ACT,2003-Q2,63.0,638.8,879.7,4.071700996666666,78.6
Canberra,ACT,2003-Q3,67.7,667.0999999999999,879.8000000000001,4.144272976666667,79.1
Canberra,ACT,2003-Q4,70.4,617.9,871.2,3.5594257999999996,79.6
Canberra,ACT,2004-Q1,69.5,536.3,877.7,4.0985487166666665,80.2
Canberra,ACT,2004-Q2,69.5,510.5,877.3,3.5853039066666668,80.6
Canberra,ACT,2004-Q3,68.4,518.6,881.0,3.7439537699999996,80.9
Canberra,ACT,2004-Q4,69.5,513.7,884.3,3.4286821633333333,81.7
Canberra,ACT,2005-Q1,69.7,552.7,882.7,3.7271147266666667,82.1
Canberra,ACT,2005-Q2,69.3,546.5999999999999,894.3,3.0757756566666665,82.6
Canberra,ACT,2005-Q3,69.4,553.9000000000001,923.3,2.9730753033333333,83.4
Canberra,ACT,2005-Q4,71.2,622.1,926.9000000000001,3.1941082166666668,83.9
Canberra,ACT,2006-Q1,72.0,596.5,936.3,3.7189788433333333,84.6
Canberra,ACT,2006-Q2,74.1,611.6,948.4000000000001,3.2334427399999996,85.9
Canberra,ACT,2006-Q3,76.2,667.6,967.8,2.7045483633333336,86.6
Canberra,ACT,2006-Q4,77.4,680.6,994.0,2.7454544566666663,86.7
Canberra,ACT,2007-Q1,78.6,743.5,1006.8,3.3555693366666666,86.7
Canberra,ACT,2007-Q2,82.1,886.1,1027.3,3.1262732566666664,87.7
Canberra,ACT,2007-Q3,86.2,853.3,1033.4,2.451776096666667,88.2
Canberra,ACT,2007-Q4,88.8,817.0999999999999,1037.5,2.274362153333333,89.3
Canberra,ACT,2008-Q1,89.5,787.2,1047.5,3.086088763333333,90.4
Canberra,ACT,2008-Q2,87.8,722.9,1047.4,2.5790246766666667,91.6
Canberra,ACT,2008-Q3,84.7,707.7,1038.1,2.892452083333333,92.6
Canberra,ACT,2008-Q4,84.5,808.3,1068.2,2.3237299533333333,92.6
Canberra,ACT,2009-Q1,84.7,950.3,1090.1,3.0474799266666666,92.5
Canberra,ACT,2009-Q2,87.6,1009.4,1114.7,3.5584315099999997,93.0
Canberra,ACT,2009-Q3,91.4,1025.2,1113.3000000000002,3.311009046666667,93.7
Canberra,ACT,2009-Q4,97.4,1021.4,1121.7,3.4901129233333332,94.5
Canberra,ACT,2010-Q1,102.0,947.1999999999999,1131.5,4.078205293333333,95.2
Canberra,ACT,2010-Q2,101.5,831.8,1141.3,3.4588398633333335,95.8
Canberra,ACT,2010-Q3,101.8,891.0,1135.0,2.8763279833333333,96.4
Canberra,ACT,2010-Q4,102.5,884.4,1151.7,3.15124938,97.0
Canberra,ACT,2011-Q1,102.3,845.8000000000001,1156.9,3.7271127933333332,98.4
Canberra,ACT,2011-Q2,102.3,893.0999999999999,1141.1,4.35195821,99.3
Canberra,ACT,2011-Q3,98.6,862.5,1141.2,3.7092585766666666,99.7
Canberra,ACT,2011-Q4,100.7,852.9000000000001,1138.7,3.4879391466666667,99.9
Canberra,ACT,2012-Q1,101.4,865.9000000000001,1172.6,4.083714553333333,99.9
Canberra,ACT,2012-Q2,99.4,890.7,1191.1,3.6474856166666663,100.5
Canberra,ACT,2012-Q3,99.8,953.1,1209.7,3.539022163333333,101.6
Canberra,ACT,2012-Q4,102.1,934.5999999999999,1186.3,3.923180123333333,102.0
Canberra,ACT,2013-Q1,100.7,923.5,1224.1,5.156606643333333,102.4
Canberra,ACT,2013-Q2,101.2,994.2,1235.0,4.109379290000001,102.9
Canberra,ACT,2013-Q3,101.1,1169.6,1236.2,3.92143746,103.9
Canberra,ACT,2013-Q4,101.8,991.2,1253.8,3.634058506666667,104.7
Canberra,ACT,2014-Q1,102.6,1088.9,1233.4,4.06382248,105.4
Canberra,ACT,2014-Q2,103.9,993.4,1218.0,3.861409023333333,106.1
Canberra,ACT,2014-Q3,104.5,1050.6,1259.1999999999998,4.603333823333333,106.3
Canberra,ACT,2014-Q4,105.5,1071.1999999999998,1289.0,4.587870433333333,106.5
Canberra,ACT,2015-Q1,107.1,1129.8,1276.8,5.120765416666667,106.8
Canberra,ACT,2015-Q2,108.2,1158.7,1306.0,4.079781033333333,107.7
Canberra,ACT,2015-Q3,110.2,1074.1999999999998,1308.8,5.01050288,107.8
Canberra,ACT,2015-Q4,113.7,1056.6999999999998,1338.0,4.8051905066666665,108.3
Canberra,ACT,2016-Q1,113.6,1036.3,1381.0,4.86765803,108.2
Canberra,ACT,2016-Q2,116.8,1175.9,1372.9,3.5977594933333332,108.8
Canberra,ACT,2016-Q3,117.7,1103.7,1398.3,3.536168313333333,109.3
Canberra,ACT,2016-Q4,121.2,1193.6,1414.5,3.7150490033333337,109.8
Canberra,ACT,2017-Q1,125.6,1285.2,1425.6,4.311287476666666,110.5
Canberra,ACT,2017-Q2,127.3,1304.0,1438.1,4.046453576666667,110.9
Canberra,ACT,2017-Q3,127.5,1336.8000000000002,1428.7,4.272739076666666,111.3
Canberra,ACT,2017-Q4,129.6,1297.5,1436.6,3.8655915133333334,112.1
Canberra,ACT,2018-Q1,131.5,1326.7,1452.0,4.595927786666667,112.7
Canberra,ACT,2018-Q2,132.2,1310.7,1483.9,3.54320949,113.2
Canberra,ACT,2018-Q3,132.8,1234.6,1481.1,3.69858084,113.5
Canberra,ACT,2018-Q4,132.3,1301.7,1507.9,3.23131942,114.0
Canberra,ACT,2019-Q1,130.8,1119.8,1516.5,3.878313126666667,114.1
Canberra,ACT,2019-Q2,131.6,1080.4,1527.8,3.821292123333333,114.9
Canberra,ACT,2019-Q3,129.7,1204.4,1532.2,3.6144284966666667,115.4
Canberra,ACT,2019-Q4,134.0,1395.1,1562.9,2.940402386666667,116.1
Canberra,ACT,2020-Q1,135.4,1274.2,1587.5,3.4264327433333333,116.7
Canberra,ACT,2020-Q2,136.5,1271.3,1577.7,4.1327015000000005,114.5
Canberra,ACT,2020-Q3,137.7,1541.0,1752.1,4.347787546666667,116.2
Canberra,ACT,2020-Q4,142.5,1705.4,1759.9,3.764951806666667,117.1
Canberra,ACT,2021-Q1,151.6,1903.9,1759.5,4.619736546666666,117.8
Canberra,ACT,2021-Q2,165.1,2023.0,1776.3,3.9009382333333336,118.8
Canberra,ACT,2021-Q3,176.9,2152.5,1511.6,4.081202650000001,119.7
Canberra,ACT,2021-Q4,189.2,2023.9,1731.7,4.739529303333334,121.4
Darwin,NT,2003-Q1,39.9,143.4,400.9,5.792370030000001,78.7
Darwin,NT,2003-Q2,40.8,173.2,397.3,6.489345273333334,78.6
Darwin,NT,2003-Q3,41.9,182.89999999999998,408.9,5.298194373333334,79.1
Darwin,NT,2003-Q4,44.1,200.0,420.7,5.059566313333334,79.6
Darwin,NT,2004-Q1,46.9,236.6,419.5,5.212083653333334,80.2
Darwin,NT,2004-Q2,46.1,255.8,440.9,5.5055134133333326,80.6
Darwin,NT,2004-Q3,48.4,285.6,440.0,6.3724152300000005,80.9
Darwin,NT,2004-Q4,50.4,305.5,440.6,5.102232333333333,81.7
Darwin,NT,2005-Q1,53.7,314.79999999999995,450.7,6.431526626666667,82.1
Darwin,NT,2005-Q2,54.8,340.8,443.0,5.232825933333333,82.6
Darwin,NT,2005-Q3,57.5,391.6,447.3,4.768168696666667,83.4
Darwin,NT,2005-Q4,60.5,400.8,442.79999999999995,5.277150123333333,83.9
Darwin,NT,2006-Q1,63.1,410.29999999999995,452.2,6.853758073333334,84.6
Darwin,NT,2006-Q2,67.2,410.9,479.7,5.416251056666667,85.9
Darwin,NT,2006-Q3,68.1,387.20000000000005,491.29999999999995,3.9111275400000003,86.6
Darwin,NT,2006-Q4,71.4,351.0,502.7,2.602002263333333,86.7
Darwin,NT,2007-Q1,73.6,378.29999999999995,516.0,3.7830411233333336,86.7
Darwin,NT,2007-Q2,74.4,386.5,528.2,4.968977253333333,87.7
Darwin,NT,2007-Q3,76.4,379.3,539.7,4.060945586666667,88.2
Darwin,NT,2007-Q4,79.3,363.5,566.0,4.874485076666667,89.3
Darwin,NT,2008-Q1,78.2,313.2,564.9,5.093329943333333,90.4
Darwin,NT,2008-Q2,79.5,334.4,586.0,3.767687823333333,91.6
Darwin,NT,2008-Q3,81.4,321.3,607.6,2.2885359233333333,92.6
Darwin,NT,2008-Q4,84.3,403.7,637.0,3.6569788200000004,92.6
Darwin,NT,2009-Q1,86.2,432.70000000000005,658.3,4.534861003333333,92.5
Darwin,NT,2009-Q2,88.4,451.6,652.6,3.854005566666667,93.0
Darwin,NT,2009-Q3,91.3,460.4,651.0999999999999,3.55896865,93.7
Darwin,NT,2009-Q4,97.8,441.3,668.3,2.966262276666667,94.5
Darwin,NT,2010-Q1,98.5,383.3,669.7,4.060229876666667,95.2
Darwin,NT,2010-Q2,100.1,355.4,683.1,2.842586986666667,95.8
Darwin,NT,2010-Q3,99.5,321.2,679.3,2.68122964,96.4
Darwin,NT,2010-Q4,100.1,298.5,653.3,2.39489024,97.0
Darwin,NT,2011-Q1,98.5,278.7,684.6,2.9022005199999996,98.4
Darwin,NT,2011-Q2,95.4,305.9,683.9,3.664776976666667,99.3
Darwin,NT,2011-Q3,96.0,295.1,692.7,3.71093322,99.7
Darwin,NT,2011-Q4,97.6,306.9,699.3,4.460887926666667,99.9
Darwin,NT,2012-Q1,101.9,369.7,706.7,4.722568963333334,99.9
Darwin,NT,2012-Q2,104.4,379.1,722.7,4.491393203333334,100.5
Darwin,NT,2012-Q3,104.8,395.6,718.0,3.6513505299999998,101.6
Darwin,NT,2012-Q4,108.5,411.2,722.9,3.9290465633333334,102.0
Darwin,NT,2013-Q1,109.3,400.6,728.4,5.059561006666667,102.4
Darwin,NT,2013-Q2,110.6,411.20000000000005,718.6,5.9102068999999995,102.9
Darwin,NT,2013-Q3,111.1,457.20000000000005,752.9,5.29155759,103.9
Darwin,NT,2013-Q4,113.8,476.2,751.5,4.055317076666667,104.7
Darwin,NT,2014-Q1,114.7,487.0,771.0999999999999,4.117263693333333,105.4
Darwin,NT,2014-Q2,115.4,516.7,773.8,3.93951485,106.1
Darwin,NT,2014-Q3,114.9,558.6,767.0,4.322931619999999,106.3
Darwin,NT,2014-Q4,114.0,514.3,770.5,3.29267292,106.5
Darwin,NT,2015-Q1,113.9,421.0,765.9000000000001,4.264095163333334,106.8
Darwin,NT,2015-Q2,113.3,399.9,767.6999999999999,4.5743884066666665,107.7
Darwin,NT,2015-Q3,112.9,333.8,776.8,4.565431019999999,107.8
Darwin,NT,2015-Q4,110.8,320.20000000000005,779.4,3.4286141333333333,108.3
Darwin,NT,2016-Q1,107.7,316.7,786.3,4.752385753333333,108.2
Darwin,NT,2016-Q2,105.6,287.79999999999995,770.5,3.785405886666666,108.8
Darwin,NT,2016-Q3,103.3,272.8,773.2,3.6476342900000005,109.3
Darwin,NT,2016-Q4,102.1,280.4,785.8,4.128080433333333,109.8
Darwin,NT,2017-Q1,101.7,294.5,784.4,5.226296733333333,110.5
Darwin,NT,2017-Q2,100.6,269.40000000000003,780.8,5.145321806666666,110.9
Darwin,NT,2017-Q3,98.1,271.5,782.5,5.11859424,111.3
Darwin,NT,2017-Q4,97.1,266.90000000000003,778.7,5.37372981,112.1
Darwin,NT,2018-Q1,96.9,247.8,787.3,5.496281246666666,112.7
Darwin,NT,2018-Q2,96.2,255.7,806.5,5.526804226666667,113.2
Darwin,NT,2018-Q3,96.2,243.8,783.5,5.30581097,113.5
Darwin,NT,2018-Q4,96.3,218.1,768.9,5.522777733333334,114.0
Darwin,NT,2019-Q1,94.4,204.8,769.9000000000001,5.964214983333332,114.1
Darwin,NT,2019-Q2,93.0,228.5,776.0,6.004278456666666,114.9
Darwin,NT,2019-Q3,92.4,205.70000000000002,781.5,6.4416900733333335,115.4
Darwin,NT,2019-Q4,91.7,213.10000000000002,788.3,5.992065993333334,116.1
Darwin,NT,2020-Q1,92.4,211.4,810.0,6.8964240766666665,116.7
Darwin,NT,2020-Q2,91.1,195.10000000000002,831.4,7.516541076666667,114.5
Darwin,NT,2020-Q3,92.0,267.5,873.8,6.835040263333333,116.2
Darwin,NT,2020-Q4,94.2,333.1,912.4000000000001,6.145447446666666,117.1
Darwin,NT,2021-Q1,99.5,377.7,919.9,6.501202326666667,117.8
Darwin,NT,2021-Q2,103.7,417.7,897.3,5.9191120800000006,118.8
Darwin,NT,2021-Q3,105.3,443.3,901.7,5.607988173333333,119.7
Darwin,NT,2021-Q4,106.7,419.9,906.7,4.71688064,121.4
Hobart,TAS,2003-Q1,47.8,348.3,854.4,9.477180136666666,78.7
Hobart,TAS,2003-Q2,52.9,382.3,878.9,7.79983373,78.6
Hobart,TAS,2003-Q3,60.7,440.79999999999995,925.5,7.24689436,79.1
Hobart,TAS,2003-Q4,66.0,426.29999999999995,957.9000000000001,6.824024326666667,79.6
Hobart,TAS,2004-Q1,67.5,417.3,969.6,6.80005774,80.2
Hobart,TAS,2004-Q2,71.6,416.4,984.9,6.086331163333334,80.6
Hobart,TAS,2004-Q3,72.1,434.5,992.2,6.82281201,80.9
Hobart,TAS,2004-Q4,74.0,460.9,1000.9,6.01617749,81.7
Hobart,TAS,2005-Q1,74.7,485.3,1022.8,6.076330383333333,82.1
Hobart,TAS,2005-Q2,76.1,497.5,1020.2,5.6471561066666665,82.6
Hobart,TAS,2005-Q3,76.3,493.2,1056.1,6.162995876666667,83.4
Hobart,TAS,2005-Q4,78.7,500.2,1079.9,6.825182300000001,83.9
Hobart,TAS,2006-Q1,80.3,591.3,1110.3,7.00550847,84.6
Hobart,TAS,2006-Q2,82.8,543.0,1099.1,6.053128866666667,85.9
Hobart,TAS,2006-Q3,84.4,586.6,1115.2,6.330766189999999,86.6
Hobart,TAS,2006-Q4,85.8,569.0,1115.5,6.02312299,86.7
Hobart,TAS,2007-Q1,88.2,574.3,1136.9,5.662330533333333,86.7
Hobart,TAS,2007-Q2,90.0,684.3,1174.7,4.486709523333333,87.7
Hobart,TAS,2007-Q3,92.3,668.5999999999999,1184.5,5.153766383333333,88.2
Hobart,TAS,2007-Q4,96.2,668.9,1187.5,5.52839463,89.3
Hobart,TAS,2008-Q1,94.2,650.9,1191.5,5.126608983333333,90.4
Hobart,TAS,2008-Q2,95.1,556.9,1222.9,3.6528111666666665,91.6
Hobart,TAS,2008-Q3,92.8,512.1,1243.9,4.121100273333333,92.6
Hobart,TAS,2008-Q4,93.7,596.3,1279.7,4.542403286666667,92.6
Hobart,TAS,2009-Q1,93.0,712.7,1298.7,4.668003093333334,92.5
Hobart,TAS,2009-Q2,96.3,706.5,1331.7,4.8595754866666665,93.0
Hobart,TAS,2009-Q3,98.3,727.5,1319.1,4.852044503333333,93.7
Hobart,TAS,2009-Q4,104.2,700.5,1333.6,5.64704314,94.5
Hobart,TAS,2010-Q1,106.4,582.2,1315.3,6.10786033,95.2
Hobart,TAS,2010-Q2,103.7,563.0,1318.8,5.684982950000001,95.8
Hobart,TAS,2010-Q3,103.9,525.0,1298.1,5.759491016666666,96.4
Hobart,TAS,2010-Q4,107.4,523.6,1300.5,5.430789306666667,97.0
Hobart,TAS,2011-Q1,106.7,514.1,1277.0,6.14199915,98.4
Hobart,TAS,2011-Q2,103.0,529.3,1284.7,5.106380906666666,99.3
Hobart,TAS,2011-Q3,100.7,527.3,1309.8,4.96015958,99.7
Hobart,TAS,2011-Q4,102.2,484.29999999999995,1304.7,6.035226103333334,99.9
Hobart,TAS,2012-Q1,99.2,477.2,1292.3,7.3854380299999995,99.9
Hobart,TAS,2012-Q2,97.9,478.4,1291.7,6.839219143333334,100.5
Hobart,TAS,2012-Q3,98.2,482.6,1267.9,6.64199382,101.6
Hobart,TAS,2012-Q4,98.0,492.3,1255.4,6.937000403333333,102.0
Hobart,TAS,2013-Q1,99.9,496.6,1271.9,7.694368566666667,102.4
Hobart,TAS,2013-Q2,99.8,515.3,1261.4,7.585799586666667,102.9
Hobart,TAS,2013-Q3,101.2,552.8,1300.8,7.86817619,103.9
Hobart,TAS,2013-Q4,103.6,606.3,1349.7,7.616125246666667,104.7
Hobart,TAS,2014-Q1,104.2,610.0,1373.9,8.010787766666667,105.4
Hobart,TAS,2014-Q2,104.6,632.7,1388.5,7.142128656666666,106.1
Hobart,TAS,2014-Q3,105.0,629.4,1396.7,7.16108731,106.3
Hobart,TAS,2014-Q4,106.0,615.8,1396.2,6.54294002,106.5
Hobart,TAS,2015-Q1,106.5,664.2,1427.3,6.814803763333333,106.8
Hobart,TAS,2015-Q2,106.6,602.3,1421.9,6.711058566666666,107.7
Hobart,TAS,2015-Q3,107.0,604.9000000000001,1443.4,6.13844332,107.8
Hobart,TAS,2015-Q4,109.8,602.2,1466.8,6.497816159999999,108.3
Hobart,TAS,2016-Q1,110.8,603.5,1491.5,6.92817763,108.2
Hobart,TAS,2016-Q2,111.5,639.2,1495.6,6.273747813333333,108.8
Hobart,TAS,2016-Q3,113.9,677.7,1510.3,6.522879329999999,109.3
Hobart,TAS,2016-Q4,118.9,698.0999999999999,1523.1,6.25995604,109.8
Hobart,TAS,2017-Q1,122.6,756.8,1533.8,6.022235470000001,110.5
Hobart,TAS,2017-Q2,125.1,720.9000000000001,1557.5,5.5784535533333335,110.9
Hobart,TAS,2017-Q3,128.8,726.3,1545.1,5.881058636666666,111.3
Hobart,TAS,2017-Q4,133.9,767.9,1569.1,5.9013387633333325,112.1
Hobart,TAS,2018-Q1,140.5,762.6,1577.1,5.964453053333333,112.7
Hobart,TAS,2018-Q2,144.5,796.2,1613.1,5.938211036666666,113.2
Hobart,TAS,2018-Q3,145.8,800.9000000000001,1632.1,6.028343446666667,113.5
Hobart,TAS,2018-Q4,146.2,822.6,1635.4,5.619996606666667,114.0
Hobart,TAS,2019-Q1,145.9,787.0,1638.6999999999998,7.11229841,114.1
Hobart,TAS,2019-Q2,146.4,757.5,1641.9,6.64555059,114.9
Hobart,TAS,2019-Q3,148.6,826.1,1665.1999999999998,6.378517006666667,115.4
Hobart,TAS,2019-Q4,152.4,779.6,1729.1,5.691061426666667,116.1
Hobart,TAS,2020-Q1,156.1,830.8,1783.5,5.50047584,116.7
Hobart,TAS,2020-Q2,155.5,696.2,1749.6,6.42749642,114.5
Hobart,TAS,2020-Q3,157.3,917.7,1949.2,6.818029473333333,116.2
Hobart,TAS,2020-Q4,162.4,1032.3,1911.6,7.3357817899999995,117.1
Hobart,TAS,2021-Q1,172.5,1198.5,1916.5,6.13890521,117.8
Hobart,TAS,2021-Q2,183.3,1116.5,1940.3000000000002,5.492232016666667,118.8
Hobart,TAS,2021-Q3,198.6,1092.6,1981.1,5.03908204,119.7
Hobart,TAS,2021-Q4,211.9,1131.8,1979.0,4.57799082,121.4
Melbourne,VIC,2003-Q1,54.2,6497.4,10561.8,5.818928126666667,78.7
Melbourne,VIC,2003-Q2,57.0,6755.0,10757.9,5.8132000066666665,78.6
Melbourne,VIC,2003-Q3,59.5,7483.1,11047.2,5.35576306,79.1
Melbourne,VIC,2003-Q4,61.3,7627.4,11365.0,5.1951842699999995,79.6
Melbourne,VIC,2004-Q1,59.9,6922.4,11683.9,5.852155166666667,80.2
Melbourne,VIC,2004-Q2,59.7,6677.0,11548.1,5.302648236666666,80.6
Melbourne,VIC,2004-Q3,59.9,7047.700000000001,11733.2,5.54491543,80.9
Melbourne,VIC,2004-Q4,61.5,7200.9,11796.2,5.350139779999999,81.7
Melbourne,VIC,2005-Q1,61.3,7721.1,11745.1,5.822048043333333,82.1
Melbourne,VIC,2005-Q2,62.1,8010.4,11963.8,5.317015286666667,82.6
Melbourne,VIC,2005-Q3,62.1,7635.4,11960.8,5.1313192,83.4
Melbourne,VIC,2005-Q4,63.3,8103.4,11893.1,5.044825896666667,83.9
Melbourne,VIC,2006-Q1,64.2,8234.9,12159.1,5.639165013333333,84.6
Melbourne,VIC,2006-Q2,66.1,8442.3,12590.0,5.081400546666667,85.9
Melbourne,VIC,2006-Q3,67.3,8447.5,12685.599999999999,4.586938803333333,86.6
Melbourne,VIC,2006-Q4,69.0,8276.2,12870.4,4.645647313333334,86.7
Melbourne,VIC,2007-Q1,70.1,8996.9,13084.7,5.262239406666667,86.7
Melbourne,VIC,2007-Q2,75.2,10086.7,13063.7,4.688405956666666,87.7
Melbourne,VIC,2007-Q3,79.0,10274.5,13357.9,4.3105896066666665,88.2
Melbourne,VIC,2007-Q4,84.9,10546.900000000001,13625.4,4.473166166666666,89.3
Melbourne,VIC,2008-Q1,86.3,10142.0,13771.599999999999,4.66529841,90.4
Melbourne,VIC,2008-Q2,86.1,9093.599999999999,13676.599999999999,4.5538008266666665,91.6
Melbourne,VIC,2008-Q3,83.2,8645.400000000001,13827.9,4.27570124,92.6
Melbourne,VIC,2008-Q4,82.3,8985.8,14264.4,4.291371446666667,92.6
Melbourne,VIC,2009-Q1,81.9,9982.5,14652.8,5.867401896666667,92.5
Melbourne,VIC,2009-Q2,86.7,10819.5,14877.7,5.953555349999999,93.0
Melbourne,VIC,2009-Q3,92.3,11588.6,14766.0,5.672456466666667,93.7
Melbourne,VIC,2009-Q4,98.4,11720.0,14885.0,5.078103616666667,94.5
Melbourne,VIC,2010-Q1,103.5,11629.1,15067.1,5.78614461,95.2
Melbourne,VIC,2010-Q2,106.5,11596.6,15333.1,5.452843586666667,95.8
Melbourne,VIC,2010-Q3,104.6,11764.6,15616.5,5.22274015,96.4
Melbourne,VIC,2010-Q4,106.2,11519.5,15648.5,4.887076966666666,97.0
Melbourne,VIC,2011-Q1,104.7,11056.2,15509.6,5.207061276666667,98.4
Melbourne,VIC,2011-Q2,103.5,10917.0,15960.400000000001,4.8285885933333335,99.3
Melbourne,VIC,2011-Q3,101.4,10900.1,15927.8,5.10494947,99.7
Melbourne,VIC,2011-Q4,100.2,10011.5,15995.0,5.03665732,99.9
Melbourne,VIC,2012-Q1,99.1,10509.2,15980.5,5.924192903333332,99.9
Melbourne,VIC,2012-Q2,99.4,10586.7,16059.2,5.4050994,100.5
Melbourne,VIC,2012-Q3,98.3,10704.5,16092.8,5.436928636666667,101.6
Melbourne,VIC,2012-Q4,100.2,10924.9,16001.7,5.218355966666667,102.0
Melbourne,VIC,2013-Q1,100.6,11493.400000000001,16157.4,6.261610893333334,102.4
Melbourne,VIC,2013-Q2,102.7,12059.8,16189.2,5.727641770000001,102.9
Melbourne,VIC,2013-Q3,106.2,12257.3,16391.4,5.671349626666667,103.9
Melbourne,VIC,2013-Q4,110.2,12988.0,16802.5,5.880488183333333,104.7
Melbourne,VIC,2014-Q1,111.5,13087.6,17148.9,7.011704633333333,105.4
Melbourne,VIC,2014-Q2,113.1,13533.4,17232.2,6.3299177066666665,106.1
Melbourne,VIC,2014-Q3,114.3,13756.8,17544.9,6.73030538,106.3
Melbourne,VIC,2014-Q4,116.6,14213.2,17700.0,6.37623328,106.5
Melbourne,VIC,2015-Q1,118.0,14622.8,17929.5,6.681354166666668,106.8
Melbourne,VIC,2015-Q2,123.5,14948.599999999999,18099.7,5.950856973333333,107.7
Melbourne,VIC,2015-Q3,127.5,15619.199999999999,18457.6,6.14468206,107.8
Melbourne,VIC,2015-Q4,129.8,15263.699999999999,18759.5,5.6607684633333335,108.3
Melbourne,VIC,2016-Q1,131.6,14546.3,18881.4,6.370035803333334,108.2
Melbourne,VIC,2016-Q2,135.7,15435.0,18920.4,5.585599956666667,108.8
Melbourne,VIC,2016-Q3,138.5,14955.400000000001,19095.1,5.679316883333333,109.3
Melbourne,VIC,2016-Q4,146.8,16232.5,19358.300000000003,5.69484058,109.8
Melbourne,VIC,2017-Q1,152.8,17329.6,19472.1,6.424048973333334,110.5
Melbourne,VIC,2017-Q2,157.4,17365.699999999997,19753.1,5.917198616666667,110.9
Melbourne,VIC,2017-Q3,159.9,17790.0,19812.7,6.008118456666668,111.3
Melbourne,VIC,2017-Q4,164.0,17667.9,20191.0,5.52103962,112.1
Melbourne,VIC,2018-Q1,163.1,17455.2,20430.7,5.895625809999999,112.7
Melbourne,VIC,2018-Q2,161.5,16793.4,20669.4,5.18456446,113.2
Melbourne,VIC,2018-Q3,156.6,16098.5,21011.1,4.711335453333334,113.5
Melbourne,VIC,2018-Q4,151.6,14777.400000000001,21250.4,4.218500953333333,114.0
Melbourne,VIC,2019-Q1,146.0,13751.0,21352.6,5.013135466666667,114.1
Melbourne,VIC,2019-Q2,144.5,13404.5,21432.6,4.672984883333333,114.9
Melbourne,VIC,2019-Q3,149.9,14840.300000000001,21652.2,4.776006153333333,115.4
Melbourne,VIC,2019-Q4,158.2,16375.5,21764.0,4.52007494,116.1
Melbourne,VIC,2020-Q1,161.8,16703.7,22389.3,5.652018703333333,116.7
Melbourne,VIC,2020-Q2,157.3,14572.9,20910.3,6.59229771,114.5
Melbourne,VIC,2020-Q3,156.9,15536.8,20381.4,6.775980733333333,116.2
Melbourne,VIC,2020-Q4,162.7,16449.0,22840.4,6.608416553333334,117.1
Melbourne,VIC,2021-Q1,172.5,23586.3,23222.7,6.461311506666667,117.8
Melbourne,VIC,2021-Q2,185.0,25032.6,23292.8,4.843427626666667,118.8
Melbourne,VIC,2021-Q3,192.1,24955.199999999997,22401.8,4.362942843333333,119.7
Melbourne,VIC,2021-Q4,200.1,25208.5,24697.9,4.618097746666667,121.4
Perth,WA,2003-Q1,44.0,2864.4,4238.3,6.367449736666667,78.7
Perth,WA,2003-Q2,46.2,3111.3,4290.6,5.640615103333334,78.6
Perth,WA,2003-Q3,48.2,3238.4,4410.4,5.876544136666666,79.1
Perth,WA,2003-Q4,50.6,3321.5,4468.2,5.66122493,79.6
Perth,WA,2004-Q1,52.4,3130.8,4618.5,6.05165149,80.2
Perth,WA,2004-Q2,53.7,3103.3,4716.0,5.19390044,80.6
Perth,WA,2004-Q3,54.8,3516.2999999999997,4844.1,4.8202923533333335,80.9
Perth,WA,2004-Q4,57.3,3880.0,4883.5,4.212397616666666,81.7
Perth,WA,2005-Q1,59.6,4230.6,4871.1,5.064637483333333,82.1
Perth,WA,2005-Q2,62.8,4314.6,4997.1,4.592393043333334,82.6
Perth,WA,2005-Q3,65.4,4723.299999999999,5091.6,4.188085836666667,83.4
Perth,WA,2005-Q4,70.3,5402.4,5140.5,3.8418990799999997,83.9
Perth,WA,2006-Q1,75.9,6242.2,5275.9,4.491618176666666,84.6
Perth,WA,2006-Q2,86.9,6569.5,5418.2,3.4363228533333334,85.9
Perth,WA,2006-Q3,96.5,6404.9,5537.5,3.206455006666667,86.6
Perth,WA,2006-Q4,99.8,5680.1,5733.9,3.167136096666667,86.7
Perth,WA,2007-Q1,100.3,5827.8,5942.4,3.3380289133333334,86.7
Perth,WA,2007-Q2,98.4,6392.4,6017.700000000001,3.203187306666667,87.7
Perth,WA,2007-Q3,100.2,6354.5,6086.8,3.222224903333333,88.2
Perth,WA,2007-Q4,101.2,5965.6,6168.6,3.1561175599999998,89.3
Perth,WA,2008-Q1,100.1,5468.2,6087.0,3.437260243333333,90.4
Perth,WA,2008-Q2,97.8,4632.5,6225.4,3.335686023333333,91.6
Perth,WA,2008-Q3,95.6,4512.9,6322.3,2.8226431400000003,92.6
Perth,WA,2008-Q4,93.4,4603.2,6302.200000000001,2.5677911866666663,92.6
Perth,WA,2009-Q1,93.0,5085.1,6360.599999999999,4.63813442,92.5
Perth,WA,2009-Q2,95.0,5835.4,6453.6,5.0748290633333335,93.0
Perth,WA,2009-Q3,97.8,6329.9,6417.6,5.481307276666667,93.7
Perth,WA,2009-Q4,103.5,6582.799999999999,6526.4,4.58825068,94.5
Perth,WA,2010-Q1,106.9,5659.9,6556.9,5.455985439999999,95.2
Perth,WA,2010-Q2,106.7,4910.9,6592.8,4.366897886666667,95.8
Perth,WA,2010-Q3,103.9,4483.6,6620.1,4.457902056666666,96.4
Perth,WA,2010-Q4,103.8,4613.2,6646.799999999999,4.062873523333334,97.0
Perth,WA,2011-Q1,102.8,4448.0,6884.200000000001,4.762491076666667,98.4
Perth,WA,2011-Q2,99.6,4484.3,7016.299999999999,4.190225556666666,99.3
Perth,WA,2011-Q3,99.0,4486.4,7185.8,4.163030133333333,99.7
Perth,WA,2011-Q4,99.5,4589.6,7354.7,3.8822248466666665,99.9
Perth,WA,2012-Q1,100.4,5118.7,7525.700000000001,4.34370955,99.9
Perth,WA,2012-Q2,101.0,5190.1,7742.6,3.710155916666667,100.5
Perth,WA,2012-Q3,102.2,5656.3,7887.2,3.816297243333333,101.6
Perth,WA,2012-Q4,105.7,5808.4,7982.299999999999,4.036393149999999,102.0
Perth,WA,2013-Q1,107.9,6415.9,8010.5,4.885303406666666,102.4
Perth,WA,2013-Q2,111.1,6937.1,8041.200000000001,4.954646393333333,102.9
Perth,WA,2013-Q3,111.2,6664.2,8019.299999999999,4.593225033333333,103.9
Perth,WA,2013-Q4,114.5,7096.8,8140.7,3.9383980199999997,104.7
Perth,WA,2014-Q1,115.5,7218.400000000001,8131.0,5.77195675,105.4
Perth,WA,2014-Q2,115.5,7224.5,8131.799999999999,4.99079244,106.1
Perth,WA,2014-Q3,115.3,7124.799999999999,8218.0,4.875953216666667,106.3
Perth,WA,2014-Q4,115.3,7081.1,8302.3,4.937014553333333,106.5
Perth,WA,2015-Q1,115.3,6624.1,8378.6,6.079457773333334,106.8
Perth,WA,2015-Q2,114.2,6211.400000000001,8382.6,5.551861253333333,107.7
Perth,WA,2015-Q3,111.4,5853.6,8459.4,6.044627913333334,107.8
Perth,WA,2015-Q4,111.9,5260.5,8471.6,5.814546046666667,108.3
Perth,WA,2016-Q1,109.9,4839.9,8473.400000000001,6.220237226666666,108.2
Perth,WA,2016-Q2,108.8,4854.1,8487.3,5.668399766666667,108.8
Perth,WA,2016-Q3,106.8,4755.8,8481.4,6.182315943333333,109.3
Perth,WA,2016-Q4,107.7,4716.9,8501.5,6.193494546666667,109.8
Perth,WA,2017-Q1,106.4,4787.2,8510.3,6.800198586666667,110.5
Perth,WA,2017-Q2,105.8,4553.3,8536.5,5.542599723333333,110.9
Perth,WA,2017-Q3,104.9,4547.7,8506.1,5.609722973333334,111.3
Perth,WA,2017-Q4,106.3,4486.3,8478.1,5.844227393333334,112.1
Perth,WA,2018-Q1,105.2,4204.3,8473.0,6.69725722,112.7
Perth,WA,2018-Q2,105.4,4020.1,8511.0,6.059850310000001,113.2
Perth,WA,2018-Q3,104.9,3813.2999999999997,8440.0,6.070412569999999,113.5
Perth,WA,2018-Q4,104.0,3825.5,8542.7,5.93225541,114.0
Perth,WA,2019-Q1,102.6,3531.2,8588.0,6.6932676099999995,114.1
Perth,WA,2019-Q2,101.5,3353.7,8576.7,5.741102120000001,114.9
Perth,WA,2019-Q3,99.8,3708.5,8701.9,5.6904357333333335,115.4
Perth,WA,2019-Q4,101.2,3806.8999999999996,8796.5,5.28469548,116.1
Perth,WA,2020-Q1,102.0,4018.7000000000003,9093.9,5.8697678433333325,116.7
Perth,WA,2020-Q2,101.7,3108.5,9223.5,7.249024226666666,114.5
Perth,WA,2020-Q3,103.2,4862.0,10200.5,7.140090006666667,116.2
Perth,WA,2020-Q4,106.3,6642.7,10181.1,6.190611353333334,117.1
Perth,WA,2021-Q1,112.1,7876.7,10157.5,6.185500536666666,117.8
Perth,WA,2021-Q2,117.7,7183.9,10232.7,4.841162523333334,118.8
Perth,WA,2021-Q3,120.3,7384.6,10587.1,4.42268304,119.7
Perth,WA,2021-Q4,123.8,7404.5,10833.0,3.6345962166666665,121.4
Sydney,NSW,2003-Q1,78.5,12054.9,13542.7,6.322695863333333,78.7
Sydney,NSW,2003-Q2,82.0,12715.4,13774.2,5.767529023333334,78.6
Sydney,NSW,2003-Q3,86.1,14726.4,14121.9,5.501709626666667,79.1
Sydney,NSW,2003-Q4,89.6,14530.2,14498.900000000001,5.2605152366666665,79.6
Sydney,NSW,2004-Q1,88.8,12772.0,14510.9,5.726794476666666,80.2
Sydney,NSW,2004-Q2,85.5,11821.8,14684.2,5.34818975,80.6
Sydney,NSW,2004-Q3,85.0,11401.5,14813.2,5.133634636666667,80.9
Sydney,NSW,2004-Q4,85.4,11745.099999999999,14804.7,4.937037886666666,81.7
Sydney,NSW,2005-Q1,83.6,12300.3,14934.4,5.73452263,82.1
Sydney,NSW,2005-Q2,82.5,11430.7,14825.8,5.0095035999999995,82.6
Sydney,NSW,2005-Q3,81.1,11829.8,15011.6,4.82295117,83.4
Sydney,NSW,2005-Q4,81.8,12158.1,15132.7,5.02725662,83.9
Sydney,NSW,2006-Q1,81.0,12236.4,15349.599999999999,5.691388773333333,84.6
Sydney,NSW,2006-Q2,82.5,12532.7,15646.3,5.26221726,85.9
Sydney,NSW,2006-Q3,82.6,11781.0,15772.6,4.9467207,86.6
Sydney,NSW,2006-Q4,83.0,11252.0,15975.3,4.649356333333333,86.7
Sydney,NSW,2007-Q1,82.8,12370.400000000001,16351.2,5.4726635,86.7
Sydney,NSW,2007-Q2,86.0,13470.1,16489.4,4.823455193333333,87.7
Sydney,NSW,2007-Q3,88.1,13148.4,17079.9,4.478410813333333,88.2
Sydney,NSW,2007-Q4,90.2,12841.1,17219.8,4.49702017,89.3
Sydney,NSW,2008-Q1,89.7,11649.900000000001,17134.0,4.746205766666667,90.4
Sydney,NSW,2008-Q2,88.5,10291.400000000001,17095.6,4.61750512,91.6
Sydney,NSW,2008-Q3,86.5,10124.2,16869.0,4.599475383333333,92.6
Sydney,NSW,2008-Q4,85.1,10413.0,17254.8,5.044840006666667,92.6
Sydney,NSW,2009-Q1,83.7,13042.2,17884.8,6.57428993,92.5
Sydney,NSW,2009-Q2,87.8,13773.0,18309.6,6.326321926666666,93.0
Sydney,NSW,2009-Q3,91.7,14182.0,18166.1,5.545727083333333,93.7
Sydney,NSW,2009-Q4,96.8,13105.699999999999,18741.4,5.802071173333334,94.5
Sydney,NSW,2010-Q1,100.0,12129.8,18593.199999999997,5.891496386666667,95.2
Sydney,NSW,2010-Q2,102.7,12398.8,18856.2,5.40389874,95.8
Sydney,NSW,2010-Q3,102.4,12230.9,19086.2,4.923339343333333,96.4
Sydney,NSW,2010-Q4,102.2,12323.900000000001,18927.6,4.864063453333333,97.0
Sydney,NSW,2011-Q1,101.9,12259.9,19113.3,5.27070277,98.4
Sydney,NSW,2011-Q2,102.1,12249.599999999999,18898.2,5.0965569,99.3
Sydney,NSW,2011-Q3,100.1,12232.1,19168.9,5.14960665,99.7
Sydney,NSW,2011-Q4,98.9,12698.4,19332.1,5.176676486666667,99.9
Sydney,NSW,2012-Q1,99.7,12372.7,19143.800000000003,5.359253426666666,99.9
Sydney,NSW,2012-Q2,101.2,11978.0,19700.1,5.018687876666667,100.5
Sydney,NSW,2012-Q3,100.9,12634.1,19848.2,4.8854382633333335,101.6
Sydney,NSW,2012-Q4,103.4,12848.5,19791.0,4.9364486266666665,102.0
Sydney,NSW,2013-Q1,104.6,13929.4,20114.9,5.661998103333334,102.4
Sydney,NSW,2013-Q2,108.5,15279.9,20218.4,5.419651593333334,102.9
Sydney,NSW,2013-Q3,113.0,16098.7,20420.7,5.55113589,103.9
Sydney,NSW,2013-Q4,119.9,17815.2,20963.3,5.702955586666666,104.7
Sydney,NSW,2014-Q1,122.0,18210.199999999997,21767.4,5.98084333,105.4
Sydney,NSW,2014-Q2,126.8,18190.4,21871.5,5.524559883333333,106.1
Sydney,NSW,2014-Q3,130.5,19012.1,22361.5,5.665270583333334,106.3
Sydney,NSW,2014-Q4,135.2,20270.9,22778.4,5.762470856666667,106.5
Sydney,NSW,2015-Q1,140.3,21456.5,22949.8,6.512198016666666,106.8
Sydney,NSW,2015-Q2,154.0,21513.4,23209.0,5.672501623333333,107.7
Sydney,NSW,2015-Q3,159.1,22462.9,23570.5,5.775477850000001,107.8
Sydney,NSW,2015-Q4,155.7,20271.0,23885.2,5.07331221,108.3
Sydney,NSW,2016-Q1,154.8,19249.4,24144.0,5.678915156666666,108.2
Sydney,NSW,2016-Q2,159.7,20605.7,24244.4,5.066484576666666,108.8
Sydney,NSW,2016-Q3,164.4,21408.4,24419.2,4.923517956666667,109.3
Sydney,NSW,2016-Q4,174.4,23110.5,24807.8,4.82457257,109.8
Sydney,NSW,2017-Q1,179.5,24506.699999999997,24911.9,5.4906501033333335,110.5
Sydney,NSW,2017-Q2,183.3,23601.7,25108.4,4.66099714,110.9
Sydney,NSW,2017-Q3,180.9,23725.199999999997,25170.199999999997,4.78731957,111.3
Sydney,NSW,2017-Q4,180.5,22166.8,25430.8,4.56252906,112.1
Sydney,NSW,2018-Q1,178.0,21695.4,25597.300000000003,5.379103896666666,112.7
Sydney,NSW,2018-Q2,175.8,21169.6,25862.5,4.773570126666667,113.2
Sydney,NSW,2018-Q3,172.1,19609.1,26025.199999999997,4.6009827266666665,113.5
Sydney,NSW,2018-Q4,165.4,17777.2,25947.5,4.247033516666666,114.0
Sydney,NSW,2019-Q1,158.4,16484.5,26304.0,4.532817286666667,114.1
Sydney,NSW,2019-Q2,158.1,16168.8,26020.0,4.547010483333334,114.9
Sydney,NSW,2019-Q3,164.4,17740.7,26184.8,4.404654513333333,115.4
Sydney,NSW,2019-Q4,172.9,19419.0,26328.8,4.481041376666666,116.1
Sydney,NSW,2020-Q1,177.4,19805.7,26849.4,4.974398286666666,116.7
Sydney,NSW,2020-Q2,172.7,17327.0,25928.5,6.391300023333333,114.5
Sydney,NSW,2020-Q3,175.2,21162.5,29147.4,6.770643206666667,116.2
Sydney,NSW,2020-Q4,182.1,24225.3,29090.5,6.16514232,117.1
Sydney,NSW,2021-Q1,196.6,27327.800000000003,28867.0,6.079895603333333,117.8
Sydney,NSW,2021-Q2,215.5,30771.2,29302.2,5.1727369266666665,118.8
Sydney,NSW,2021-Q3,231.5,32656.899999999998,26102.5,4.59314287,119.7
Sydney,NSW,2021-Q4,242.0,32007.300000000003,30276.1,4.548256796666666,121.4
